airport,baggageId,eventId,timestamp,type,customerId,rushbag,special,weight,email,name,phone,target
HKG,4202cdca-9176-4b6c-aced-745f90741712,bbc4fcbe-fbc1-433f-9c1e-7ea9e377208a,2019-11-15T03:34:38.057Z,CHECKED_IN,9a55a8c6-5da0-4ac1-8527-dad2776c6db6,N,N,15.3,elias.nieminen@qoco.aero,Elias Nieminen,+654 9690238,PVG
HKG,4202cdca-9176-4b6c-aced-745f90741712,ff643632-2695-4a97-8b69-efe151639e9a,2019-11-15T04:28:01.831Z,LOADED,9a55a8c6-5da0-4ac1-8527-dad2776c6db6,N,N,15.3,elias.nieminen@qoco.aero,Elias Nieminen,+654 9690238,PVG
PVG,4202cdca-9176-4b6c-aced-745f90741712,6fc672b2-95c8-4c93-90fd-8109336cd51a,2019-11-15T08:04:14.758Z,UNLOADED,9a55a8c6-5da0-4ac1-8527-dad2776c6db6,N,N,15.3,elias.nieminen@qoco.aero,Elias Nieminen,+654 9690238,PVG
PVG,4202cdca-9176-4b6c-aced-745f90741712,fd7e0454-483a-4178-a09c-4d9852408d70,2019-11-15T08:49:27.087Z,CLAIMED,9a55a8c6-5da0-4ac1-8527-dad2776c6db6,N,N,15.3,elias.nieminen@qoco.aero,Elias Nieminen,+654 9690238,PVG
ORD,90cda708-b57d-4195-b30d-627e9f99ea36,149ca57e-fbfb-49a7-ab78-6a9423e571ed,2019-11-15T10:26:39.370Z,CHECKED_IN,72a12e94-fbce-437f-a774-df9aa9ce3639,N,H,39.1,ilona.nieminen@qoco.aero,Ilona Nieminen,+314 5718648,PVG
ORD,90cda708-b57d-4195-b30d-627e9f99ea36,477d1827-2f7a-4461-8d61-1b99e1ce55d1,2019-11-15T11:04:09.610Z,LOADED,72a12e94-fbce-437f-a774-df9aa9ce3639,N,H,39.1,ilona.nieminen@qoco.aero,Ilona Nieminen,+314 5718648,PVG
PVG,90cda708-b57d-4195-b30d-627e9f99ea36,36191ecf-d6f6-498f-ad38-bd178421600d,2019-11-16T03:02:14.288Z,UNLOADED,72a12e94-fbce-437f-a774-df9aa9ce3639,N,H,39.1,ilona.nieminen@qoco.aero,Ilona Nieminen,+314 5718648,PVG
PVG,90cda708-b57d-4195-b30d-627e9f99ea36,0bd18908-e86c-4247-9502-05d5344585b9,2019-11-16T03:30:06.923Z,CLAIMED,72a12e94-fbce-437f-a774-df9aa9ce3639,N,H,39.1,ilona.nieminen@qoco.aero,Ilona Nieminen,+314 5718648,PVG
HKG,e4bd8e79-59c2-42c1-be9a-34c9d5c61f18,cd74b253-c905-4441-bf9f-d36b2b7d1337,2019-11-15T11:11:49.606Z,CHECKED_IN,d3491a80-9973-4a3a-954c-89dfe686af02,N,N,8.4,johannes.mäkinen@qoco.aero,Johannes Mäkinen,+174 9635748,PVG
HKG,e4bd8e79-59c2-42c1-be9a-34c9d5c61f18,2627f4ba-eb77-4fc7-8970-6b333b8b7adb,2019-11-15T11:52:42.125Z,LOADED,d3491a80-9973-4a3a-954c-89dfe686af02,N,N,8.4,johannes.mäkinen@qoco.aero,Johannes Mäkinen,+174 9635748,PVG
PVG,e4bd8e79-59c2-42c1-be9a-34c9d5c61f18,7ef114f9-348f-491a-8338-a4de26e51898,2019-11-15T15:18:42.064Z,UNLOADED,d3491a80-9973-4a3a-954c-89dfe686af02,N,N,8.4,johannes.mäkinen@qoco.aero,Johannes Mäkinen,+174 9635748,PVG
PVG,e4bd8e79-59c2-42c1-be9a-34c9d5c61f18,92ea0972-c4d7-49f4-b080-c63c80e71050,2019-11-15T15:28:53.262Z,DAMAGED,d3491a80-9973-4a3a-954c-89dfe686af02,N,N,8.4,johannes.mäkinen@qoco.aero,Johannes Mäkinen,+174 9635748,PVG
PVG,e4bd8e79-59c2-42c1-be9a-34c9d5c61f18,db7f5779-e66b-44e2-aa55-a7beeb26665b,2019-11-15T16:09:35.999Z,CLAIMED,d3491a80-9973-4a3a-954c-89dfe686af02,N,N,8.4,johannes.mäkinen@qoco.aero,Johannes Mäkinen,+174 9635748,PVG
DXB,267c8126-b658-426a-99e8-44b553828790,ee180f36-a459-49a8-8c63-f1ca7afe9eac,2019-11-15T01:29:35.899Z,CHECKED_IN,4aa5d121-8b96-4bc5-b1bf-09d98b918f75,N,N,16.2,juhani.virtanen@qoco.aero,Juhani Virtanen,+572 7064908,CDG
DXB,267c8126-b658-426a-99e8-44b553828790,a6c853be-f0cf-44f7-a2ce-0e45e2fa06c0,2019-11-15T02:17:48.565Z,LOADED,4aa5d121-8b96-4bc5-b1bf-09d98b918f75,N,N,16.2,juhani.virtanen@qoco.aero,Juhani Virtanen,+572 7064908,CDG
HND,267c8126-b658-426a-99e8-44b553828790,e069ed37-de64-4309-8186-57cb6e593ea3,2019-11-15T19:27:29.214Z,UNLOADED,4aa5d121-8b96-4bc5-b1bf-09d98b918f75,N,N,16.2,juhani.virtanen@qoco.aero,Juhani Virtanen,+572 7064908,CDG
CDG,267c8126-b658-426a-99e8-44b553828790,f941067a-3f53-4429-899f-328c681b7efe,2019-11-15T19:44:34.831Z,MISSING,4aa5d121-8b96-4bc5-b1bf-09d98b918f75,N,N,16.2,juhani.virtanen@qoco.aero,Juhani Virtanen,+572 7064908,CDG
PVG,efd334e2-576a-4d92-9cb9-755ec7de04d7,7e3a2734-1838-4988-9ca0-743d19d786a4,2019-11-15T06:19:26.758Z,CHECKED_IN,b2454709-913e-4a35-9cc1-397010209bc0,N,CH,42.9,olavi.hämäläinen@qoco.aero,Olavi Hämäläinen,+356 1377909,ORD
PVG,efd334e2-576a-4d92-9cb9-755ec7de04d7,8bbc37c1-02da-4aa0-8966-526008003eba,2019-11-15T06:54:04.145Z,LOADED,b2454709-913e-4a35-9cc1-397010209bc0,N,CH,42.9,olavi.hämäläinen@qoco.aero,Olavi Hämäläinen,+356 1377909,ORD
LHR,efd334e2-576a-4d92-9cb9-755ec7de04d7,50b47b10-7998-45c2-9eff-57a81de2e422,2019-11-15T19:32:21.003Z,UNLOADED,b2454709-913e-4a35-9cc1-397010209bc0,N,CH,42.9,olavi.hämäläinen@qoco.aero,Olavi Hämäläinen,+356 1377909,ORD
LHR,efd334e2-576a-4d92-9cb9-755ec7de04d7,f2aa016e-8ebc-4c2c-8e45-edcdc308332e,2019-11-15T19:47:51.951Z,LOADED,b2454709-913e-4a35-9cc1-397010209bc0,N,CH,42.9,olavi.hämäläinen@qoco.aero,Olavi Hämäläinen,+356 1377909,ORD
DXB,efd334e2-576a-4d92-9cb9-755ec7de04d7,0165136f-8758-42d1-8a34-461556b7b01c,2019-11-15T21:32:19.596Z,UNLOADED,b2454709-913e-4a35-9cc1-397010209bc0,N,CH,42.9,olavi.hämäläinen@qoco.aero,Olavi Hämäläinen,+356 1377909,ORD
ORD,efd334e2-576a-4d92-9cb9-755ec7de04d7,45b72a2d-7309-4e41-9ae4-14361384811c,2019-11-15T22:33:05.102Z,MISSING,b2454709-913e-4a35-9cc1-397010209bc0,N,CH,42.9,olavi.hämäläinen@qoco.aero,Olavi Hämäläinen,+356 1377909,ORD
PEK,9d51fd62-1b0d-45b6-b68a-4b121bd27dff,eb1bf7e6-0a6c-4fd2-8c36-eec63e01301d,2019-11-15T11:27:42.981Z,CHECKED_IN,019e9d60-ac50-4e33-b6dd-391248119707,N,H,43.2,ilmari.mäkinen@qoco.aero,Ilmari Mäkinen,+115 3893341,LHR
PEK,9d51fd62-1b0d-45b6-b68a-4b121bd27dff,0ccf40f5-94e1-4a74-a43d-011d027c7f4a,2019-11-15T11:56:36.430Z,LOADED,019e9d60-ac50-4e33-b6dd-391248119707,N,H,43.2,ilmari.mäkinen@qoco.aero,Ilmari Mäkinen,+115 3893341,LHR
LHR,9d51fd62-1b0d-45b6-b68a-4b121bd27dff,80a3ded2-a418-4844-b57d-dde5e06d5248,2019-11-15T23:30:45.194Z,UNLOADED,019e9d60-ac50-4e33-b6dd-391248119707,N,H,43.2,ilmari.mäkinen@qoco.aero,Ilmari Mäkinen,+115 3893341,LHR
LHR,9d51fd62-1b0d-45b6-b68a-4b121bd27dff,0c5333b7-71ea-40b1-a3c5-a0ed6bd18ff4,2019-11-16T00:16:58.576Z,CLAIMED,019e9d60-ac50-4e33-b6dd-391248119707,N,H,43.2,ilmari.mäkinen@qoco.aero,Ilmari Mäkinen,+115 3893341,LHR
ORD,fe1f5ee8-5684-4bc8-a473-fed319639769,f4de3195-fa00-48ec-ab30-2be1874a3ead,2019-11-15T08:01:02.104Z,CHECKED_IN,08fd9b1e-95fe-4ef5-bed9-ec4181a32996,Y,TH,40.0,matilda.koskinen@qoco.aero,Matilda Koskinen,+451 1453787,LAX
ORD,fe1f5ee8-5684-4bc8-a473-fed319639769,5cd14683-2ebe-4e82-bb27-35b83ffce2da,2019-11-15T08:13:15.454Z,LOADED,08fd9b1e-95fe-4ef5-bed9-ec4181a32996,Y,TH,40.0,matilda.koskinen@qoco.aero,Matilda Koskinen,+451 1453787,LAX
LAX,fe1f5ee8-5684-4bc8-a473-fed319639769,bb70f562-2b71-43cb-910a-6882a6f65621,2019-11-15T12:56:52.049Z,UNLOADED,08fd9b1e-95fe-4ef5-bed9-ec4181a32996,Y,TH,40.0,matilda.koskinen@qoco.aero,Matilda Koskinen,+451 1453787,LAX
LAX,fe1f5ee8-5684-4bc8-a473-fed319639769,cec757fc-83a4-42ea-b810-e4cb7e39b321,2019-11-15T13:42:40.882Z,CLAIMED,08fd9b1e-95fe-4ef5-bed9-ec4181a32996,Y,TH,40.0,matilda.koskinen@qoco.aero,Matilda Koskinen,+451 1453787,LAX
HND,f04af1b4-ba3e-43cb-bad9-d1006988f7e8,de6a9914-c397-4daf-a0bf-e02f4fe1cb45,2019-11-15T09:08:30.412Z,CHECKED_IN,b93a3e26-c70e-45e1-acfa-538fe9d546c2,N,CH,44.4,juhani.hämäläinen@qoco.aero,Juhani Hämäläinen,+284 6027122,LAX
HND,f04af1b4-ba3e-43cb-bad9-d1006988f7e8,0e7eb8ac-6bdf-4d14-b381-d4ceb99456b0,2019-11-15T10:07:59.587Z,LOADED,b93a3e26-c70e-45e1-acfa-538fe9d546c2,N,CH,44.4,juhani.hämäläinen@qoco.aero,Juhani Hämäläinen,+284 6027122,LAX
LAX,f04af1b4-ba3e-43cb-bad9-d1006988f7e8,d182600f-bfbd-4803-9586-5a08d74a73e3,2019-11-15T20:48:51.643Z,UNLOADED,b93a3e26-c70e-45e1-acfa-538fe9d546c2,N,CH,44.4,juhani.hämäläinen@qoco.aero,Juhani Hämäläinen,+284 6027122,LAX
LAX,f04af1b4-ba3e-43cb-bad9-d1006988f7e8,1c6b140c-54eb-41b6-8282-9131e3c95e58,2019-11-15T21:32:52.379Z,CLAIMED,b93a3e26-c70e-45e1-acfa-538fe9d546c2,N,CH,44.4,juhani.hämäläinen@qoco.aero,Juhani Hämäläinen,+284 6027122,LAX
PEK,a61905ba-b22b-48aa-9a73-1dd2ef0df980,d1f98eea-45b8-447c-9f0a-8baca0476ec7,2019-11-15T07:30:04.571Z,CHECKED_IN,fb94800f-172f-48f3-b734-55fcdf451e3f,N,N,12.1,juhani.virtanen@qoco.aero,Juhani Virtanen,+864 5626078,HND
PEK,a61905ba-b22b-48aa-9a73-1dd2ef0df980,26c9eaa3-42ef-48c0-ba09-eb3be56c860a,2019-11-15T08:27:56.737Z,LOADED,fb94800f-172f-48f3-b734-55fcdf451e3f,N,N,12.1,juhani.virtanen@qoco.aero,Juhani Virtanen,+864 5626078,HND
HND,a61905ba-b22b-48aa-9a73-1dd2ef0df980,8b09878e-c45c-43ac-9199-a4fa087f678d,2019-11-15T14:06:08.546Z,UNLOADED,fb94800f-172f-48f3-b734-55fcdf451e3f,N,N,12.1,juhani.virtanen@qoco.aero,Juhani Virtanen,+864 5626078,HND
HND,a61905ba-b22b-48aa-9a73-1dd2ef0df980,c92e8806-579b-4382-bd4c-9b3461f051f5,2019-11-15T14:38:24.083Z,CLAIMED,fb94800f-172f-48f3-b734-55fcdf451e3f,N,N,12.1,juhani.virtanen@qoco.aero,Juhani Virtanen,+864 5626078,HND
HEL,5b1c521f-e004-416a-bf4f-2d4ff704e30d,ded70daf-d38d-40cf-a80a-34ffa89dc6ed,2019-11-15T07:20:42.978Z,CHECKED_IN,58cc6402-95ac-4a08-bd98-71fe45a2ca46,N,N,5.0,ilmari.mäkelä@qoco.aero,Ilmari Mäkelä,+561 7496442,LHR
HEL,5b1c521f-e004-416a-bf4f-2d4ff704e30d,501941a8-d7f5-481b-a020-556e7b897160,2019-11-15T07:59:28.964Z,LOADED,58cc6402-95ac-4a08-bd98-71fe45a2ca46,N,N,5.0,ilmari.mäkelä@qoco.aero,Ilmari Mäkelä,+561 7496442,LHR
ATL,5b1c521f-e004-416a-bf4f-2d4ff704e30d,35dcaf0f-a572-429b-8bd0-28c5b083d92d,2019-11-15T10:56:25.493Z,UNLOADED,58cc6402-95ac-4a08-bd98-71fe45a2ca46,N,N,5.0,ilmari.mäkelä@qoco.aero,Ilmari Mäkelä,+561 7496442,LHR
LHR,5b1c521f-e004-416a-bf4f-2d4ff704e30d,3487a69c-822d-42a0-8e71-7389ba820ec4,2019-11-15T11:15:57.718Z,MISSING,58cc6402-95ac-4a08-bd98-71fe45a2ca46,N,N,5.0,ilmari.mäkelä@qoco.aero,Ilmari Mäkelä,+561 7496442,LHR
PVG,f151cd0a-f56e-4fec-843e-4c577d45c48f,b398bb66-7b11-44a4-9b4c-a6d973081256,2019-11-15T07:34:42.895Z,CHECKED_IN,68aba14b-ead7-4c42-989e-cba5f4ee5d44,Y,A,19.1,matilda.korhonen@qoco.aero,Matilda Korhonen,+105 1993366,PEK
PVG,f151cd0a-f56e-4fec-843e-4c577d45c48f,deaffefd-ba8f-45b8-9648-2a1cd5fb5fb3,2019-11-15T08:14:19.249Z,LOADED,68aba14b-ead7-4c42-989e-cba5f4ee5d44,Y,A,19.1,matilda.korhonen@qoco.aero,Matilda Korhonen,+105 1993366,PEK
ORD,f151cd0a-f56e-4fec-843e-4c577d45c48f,40f1ddff-f2fd-4e28-8400-8c0c39ba0f41,2019-11-15T23:52:07.304Z,UNLOADED,68aba14b-ead7-4c42-989e-cba5f4ee5d44,Y,A,19.1,matilda.korhonen@qoco.aero,Matilda Korhonen,+105 1993366,PEK
ORD,f151cd0a-f56e-4fec-843e-4c577d45c48f,95249d33-02ba-48fa-873c-76f2643ee7cb,2019-11-16T01:03:21.548Z,LOADED,68aba14b-ead7-4c42-989e-cba5f4ee5d44,Y,A,19.1,matilda.korhonen@qoco.aero,Matilda Korhonen,+105 1993366,PEK
PEK,f151cd0a-f56e-4fec-843e-4c577d45c48f,42ba5d30-bf0d-4531-87e8-a8df0e716b0e,2019-11-16T15:50:56.705Z,UNLOADED,68aba14b-ead7-4c42-989e-cba5f4ee5d44,Y,A,19.1,matilda.korhonen@qoco.aero,Matilda Korhonen,+105 1993366,PEK
PEK,f151cd0a-f56e-4fec-843e-4c577d45c48f,a45d4998-06cf-470f-81e5-92e4ca4c021e,2019-11-16T16:13:46.903Z,CLAIMED,68aba14b-ead7-4c42-989e-cba5f4ee5d44,Y,A,19.1,matilda.korhonen@qoco.aero,Matilda Korhonen,+105 1993366,PEK
PVG,0c300901-bdb4-4965-8514-31b66e7c86ac,8634d712-a2c2-4755-a464-7868ee0fa17d,2019-11-15T06:21:56.854Z,CHECKED_IN,b2454709-913e-4a35-9cc1-397010209bc0,Y,LCT,9.6,olavi.hämäläinen@qoco.aero,Olavi Hämäläinen,+356 1377909,ORD
PVG,0c300901-bdb4-4965-8514-31b66e7c86ac,e712703a-9fdd-4e42-ba45-beed068cca12,2019-11-15T06:52:30.220Z,LOADED,b2454709-913e-4a35-9cc1-397010209bc0,Y,LCT,9.6,olavi.hämäläinen@qoco.aero,Olavi Hämäläinen,+356 1377909,ORD
LHR,0c300901-bdb4-4965-8514-31b66e7c86ac,b18ddef5-80a6-419c-a04a-72a8da482a50,2019-11-15T19:31:43.093Z,UNLOADED,b2454709-913e-4a35-9cc1-397010209bc0,Y,LCT,9.6,olavi.hämäläinen@qoco.aero,Olavi Hämäläinen,+356 1377909,ORD
LHR,0c300901-bdb4-4965-8514-31b66e7c86ac,ce510e92-011f-4cb5-baf9-0959f20b561c,2019-11-15T19:46:47.179Z,LOADED,b2454709-913e-4a35-9cc1-397010209bc0,Y,LCT,9.6,olavi.hämäläinen@qoco.aero,Olavi Hämäläinen,+356 1377909,ORD
DXB,0c300901-bdb4-4965-8514-31b66e7c86ac,c1f17e8d-9262-432d-aca4-fc6f5f3301eb,2019-11-15T21:35:01.614Z,UNLOADED,b2454709-913e-4a35-9cc1-397010209bc0,Y,LCT,9.6,olavi.hämäläinen@qoco.aero,Olavi Hämäläinen,+356 1377909,ORD
ORD,0c300901-bdb4-4965-8514-31b66e7c86ac,3033f794-1dce-4ffe-b33a-1debe0837835,2019-11-15T22:31:58.298Z,MISSING,b2454709-913e-4a35-9cc1-397010209bc0,Y,LCT,9.6,olavi.hämäläinen@qoco.aero,Olavi Hämäläinen,+356 1377909,ORD
ORD,0c0387a4-a606-47b9-841a-4aeb1cd83688,7d0b73da-8f79-456f-8996-345144a713e4,2019-11-15T06:04:34.738Z,CHECKED_IN,a2b12490-e469-4590-973d-5fb3b2a49c38,Y,N,6.5,amanda.virtanen@qoco.aero,Amanda Virtanen,+450 8272902,ATL
ORD,0c0387a4-a606-47b9-841a-4aeb1cd83688,05162f88-fc97-43ac-8a7b-5ac743ec5c21,2019-11-15T06:21:13.416Z,LOADED,a2b12490-e469-4590-973d-5fb3b2a49c38,Y,N,6.5,amanda.virtanen@qoco.aero,Amanda Virtanen,+450 8272902,ATL
ATL,0c0387a4-a606-47b9-841a-4aeb1cd83688,c664199a-9925-4951-809a-aa36d9bfd6ad,2019-11-15T10:01:26.011Z,UNLOADED,a2b12490-e469-4590-973d-5fb3b2a49c38,Y,N,6.5,amanda.virtanen@qoco.aero,Amanda Virtanen,+450 8272902,ATL
ATL,0c0387a4-a606-47b9-841a-4aeb1cd83688,878201a3-3f86-40e3-9d24-0c92310949e1,2019-11-15T10:30:05.554Z,CLAIMED,a2b12490-e469-4590-973d-5fb3b2a49c38,Y,N,6.5,amanda.virtanen@qoco.aero,Amanda Virtanen,+450 8272902,ATL
LAX,bf491d4b-fdd5-447e-91bb-7c6e8167147e,4b7e6dee-c998-47ac-bdfe-d62e95dfc68c,2019-11-15T03:03:08.382Z,CHECKED_IN,7a408acc-7951-4f26-b1b2-c44913a18781,N,N,11.8,olivia.koskinen@qoco.aero,Olivia Koskinen,+334 6311630,ATL
LAX,bf491d4b-fdd5-447e-91bb-7c6e8167147e,f50c68ab-749c-42cb-a7c6-cf5ae1acf70a,2019-11-15T03:10:17.957Z,LOADED,7a408acc-7951-4f26-b1b2-c44913a18781,N,N,11.8,olivia.koskinen@qoco.aero,Olivia Koskinen,+334 6311630,ATL
CDG,bf491d4b-fdd5-447e-91bb-7c6e8167147e,851addaa-fbba-42a8-b177-86646bd3aaab,2019-11-15T15:41:47.138Z,UNLOADED,7a408acc-7951-4f26-b1b2-c44913a18781,N,N,11.8,olivia.koskinen@qoco.aero,Olivia Koskinen,+334 6311630,ATL
CDG,bf491d4b-fdd5-447e-91bb-7c6e8167147e,3d0eb28c-925d-4c14-b1f5-34758fe51b43,2019-11-15T16:21:22.952Z,LOADED,7a408acc-7951-4f26-b1b2-c44913a18781,N,N,11.8,olivia.koskinen@qoco.aero,Olivia Koskinen,+334 6311630,ATL
DXB,bf491d4b-fdd5-447e-91bb-7c6e8167147e,5102ac5a-f4b4-4859-a951-44d20c44006c,2019-11-15T23:22:33.628Z,UNLOADED,7a408acc-7951-4f26-b1b2-c44913a18781,N,N,11.8,olivia.koskinen@qoco.aero,Olivia Koskinen,+334 6311630,ATL
DXB,bf491d4b-fdd5-447e-91bb-7c6e8167147e,43e531fc-88fe-48e4-a8f4-f7e927b43823,2019-11-15T23:59:30.168Z,DAMAGED,7a408acc-7951-4f26-b1b2-c44913a18781,N,N,11.8,olivia.koskinen@qoco.aero,Olivia Koskinen,+334 6311630,ATL
DXB,bf491d4b-fdd5-447e-91bb-7c6e8167147e,5f80ed5c-df28-4ff4-a2ad-35bafeabb18d,2019-11-16T00:41:31.294Z,LOADED,7a408acc-7951-4f26-b1b2-c44913a18781,N,N,11.8,olivia.koskinen@qoco.aero,Olivia Koskinen,+334 6311630,ATL
ATL,bf491d4b-fdd5-447e-91bb-7c6e8167147e,6e1819f7-6976-4647-be88-92962be2ba30,2019-11-16T01:21:51.601Z,MISSING,7a408acc-7951-4f26-b1b2-c44913a18781,N,N,11.8,olivia.koskinen@qoco.aero,Olivia Koskinen,+334 6311630,ATL
CDG,bf491d4b-fdd5-447e-91bb-7c6e8167147e,4b8fddb5-8859-462b-99a3-1fe4568f7961,2019-11-16T07:41:19.774Z,UNLOADED,7a408acc-7951-4f26-b1b2-c44913a18781,N,N,11.8,olivia.koskinen@qoco.aero,Olivia Koskinen,+334 6311630,ATL
ATL,7453e7be-7471-4d9a-9e20-f91ffdbbd19c,afe22684-86c1-462e-a674-b8d279ee4e7a,2019-11-15T08:13:32.162Z,CHECKED_IN,a3482c73-ac30-4cdb-aaa1-f5a94e77c62c,N,H,24.3,oliver.heikkinen@qoco.aero,Oliver Heikkinen,+750 1528125,ORD
ATL,7453e7be-7471-4d9a-9e20-f91ffdbbd19c,961f95eb-5f10-4fe5-a554-e664d5e01068,2019-11-15T08:32:36.729Z,LOADED,a3482c73-ac30-4cdb-aaa1-f5a94e77c62c,N,H,24.3,oliver.heikkinen@qoco.aero,Oliver Heikkinen,+750 1528125,ORD
ORD,7453e7be-7471-4d9a-9e20-f91ffdbbd19c,1a9db0c7-7b27-44f0-b633-b9558fe7e364,2019-11-15T12:12:32.766Z,UNLOADED,a3482c73-ac30-4cdb-aaa1-f5a94e77c62c,N,H,24.3,oliver.heikkinen@qoco.aero,Oliver Heikkinen,+750 1528125,ORD
ORD,7453e7be-7471-4d9a-9e20-f91ffdbbd19c,ed70e7eb-654b-4792-ac90-47da501beb71,2019-11-15T12:45:58.710Z,CLAIMED,a3482c73-ac30-4cdb-aaa1-f5a94e77c62c,N,H,24.3,oliver.heikkinen@qoco.aero,Oliver Heikkinen,+750 1528125,ORD
ATL,e7d2cb0e-5df7-428d-8d18-4cc298cfb423,1af5b6d8-2f07-40e4-b0f7-428a97ba65d9,2019-11-15T00:59:07.251Z,CHECKED_IN,6f87d140-bf0e-4776-a829-60c0fec8c8fd,N,LW,20.0,matilda.järvinen@qoco.aero,Matilda Järvinen,+161 2470487,ORD
ATL,e7d2cb0e-5df7-428d-8d18-4cc298cfb423,419ce34a-9a88-45ec-a667-f152bd90ec85,2019-11-15T01:23:56.950Z,LOADED,6f87d140-bf0e-4776-a829-60c0fec8c8fd,N,LW,20.0,matilda.järvinen@qoco.aero,Matilda Järvinen,+161 2470487,ORD
ORD,e7d2cb0e-5df7-428d-8d18-4cc298cfb423,8ce30f21-1596-48e0-9e5c-e3280bb5ac9c,2019-11-15T05:09:22.768Z,UNLOADED,6f87d140-bf0e-4776-a829-60c0fec8c8fd,N,LW,20.0,matilda.järvinen@qoco.aero,Matilda Järvinen,+161 2470487,ORD
ORD,e7d2cb0e-5df7-428d-8d18-4cc298cfb423,bc1cf66b-20ee-45bd-8894-47cdff4c04f0,2019-11-15T05:31:13.265Z,CLAIMED,6f87d140-bf0e-4776-a829-60c0fec8c8fd,N,LW,20.0,matilda.järvinen@qoco.aero,Matilda Järvinen,+161 2470487,ORD
ORD,5af7a198-d7d0-4025-8387-a4825828b85a,235a0c93-166e-477e-b621-323cd56906e4,2019-11-15T06:05:15.060Z,CHECKED_IN,a2b12490-e469-4590-973d-5fb3b2a49c38,N,W,15.3,amanda.virtanen@qoco.aero,Amanda Virtanen,+450 8272902,ATL
ORD,5af7a198-d7d0-4025-8387-a4825828b85a,b0cab476-0663-4509-9e0f-57250024c72d,2019-11-15T06:19:10.569Z,LOADED,a2b12490-e469-4590-973d-5fb3b2a49c38,N,W,15.3,amanda.virtanen@qoco.aero,Amanda Virtanen,+450 8272902,ATL
ATL,5af7a198-d7d0-4025-8387-a4825828b85a,ce40709b-2f3c-4575-bae8-b4f175551b2c,2019-11-15T10:03:08.193Z,UNLOADED,a2b12490-e469-4590-973d-5fb3b2a49c38,N,W,15.3,amanda.virtanen@qoco.aero,Amanda Virtanen,+450 8272902,ATL
ATL,5af7a198-d7d0-4025-8387-a4825828b85a,5cd02b59-8a78-4407-9ab4-c9eb6c1d2243,2019-11-15T10:33:43.598Z,CLAIMED,a2b12490-e469-4590-973d-5fb3b2a49c38,N,W,15.3,amanda.virtanen@qoco.aero,Amanda Virtanen,+450 8272902,ATL
PVG,8a17feb4-4c56-47c5-86f7-621157067688,a7d9f160-a9c0-4e84-b9c6-2fc2a33b9ecd,2019-11-15T09:28:54.565Z,CHECKED_IN,15cb8568-e3a6-47aa-97a8-571533e981f3,N,L,13.2,matilda.virtanen@qoco.aero,Matilda Virtanen,+205 2183017,PEK
PVG,8a17feb4-4c56-47c5-86f7-621157067688,8f0851a5-6bcb-4329-bd03-5ffcf9a3034d,2019-11-15T09:35:52.817Z,LOADED,15cb8568-e3a6-47aa-97a8-571533e981f3,N,L,13.2,matilda.virtanen@qoco.aero,Matilda Virtanen,+205 2183017,PEK
LAX,8a17feb4-4c56-47c5-86f7-621157067688,2455bd57-7bef-45d7-ad57-900b4a82d427,2019-11-16T00:46:57.677Z,UNLOADED,15cb8568-e3a6-47aa-97a8-571533e981f3,N,L,13.2,matilda.virtanen@qoco.aero,Matilda Virtanen,+205 2183017,PEK
LAX,8a17feb4-4c56-47c5-86f7-621157067688,9b6e8d6f-9ac2-43b5-b1dc-d0810c9a1267,2019-11-16T01:12:31.601Z,DAMAGED,15cb8568-e3a6-47aa-97a8-571533e981f3,N,L,13.2,matilda.virtanen@qoco.aero,Matilda Virtanen,+205 2183017,PEK
LAX,8a17feb4-4c56-47c5-86f7-621157067688,f4092a35-c98b-4361-9db7-8717d9c1854b,2019-11-16T01:45:26.610Z,LOADED,15cb8568-e3a6-47aa-97a8-571533e981f3,N,L,13.2,matilda.virtanen@qoco.aero,Matilda Virtanen,+205 2183017,PEK
CDG,8a17feb4-4c56-47c5-86f7-621157067688,ebffe44d-f6f8-4a74-9517-21efa4a76dce,2019-11-16T14:41:22.694Z,UNLOADED,15cb8568-e3a6-47aa-97a8-571533e981f3,N,L,13.2,matilda.virtanen@qoco.aero,Matilda Virtanen,+205 2183017,PEK
PEK,8a17feb4-4c56-47c5-86f7-621157067688,62c76f60-3bf9-434a-8c38-ca7dcf3e08de,2019-11-16T14:58:26.016Z,MISSING,15cb8568-e3a6-47aa-97a8-571533e981f3,N,L,13.2,matilda.virtanen@qoco.aero,Matilda Virtanen,+205 2183017,PEK
ORD,01d5e96a-684c-48bd-afd9-9df0ebcb6c62,fecb4208-f6a1-4768-910d-397e038a0c23,2019-11-15T10:52:59.520Z,CHECKED_IN,57626176-dcb8-461b-9064-afb9f5e90f97,N,H,40.1,elias.heikkinen@qoco.aero,Elias Heikkinen,+367 4154398,PVG
ORD,01d5e96a-684c-48bd-afd9-9df0ebcb6c62,37f849ea-ae55-49a7-8867-6838e51c5452,2019-11-15T11:23:32.748Z,LOADED,57626176-dcb8-461b-9064-afb9f5e90f97,N,H,40.1,elias.heikkinen@qoco.aero,Elias Heikkinen,+367 4154398,PVG
PVG,01d5e96a-684c-48bd-afd9-9df0ebcb6c62,bda99517-859f-450d-8fbb-2ebf97cf0b2a,2019-11-16T03:08:24.619Z,UNLOADED,57626176-dcb8-461b-9064-afb9f5e90f97,N,H,40.1,elias.heikkinen@qoco.aero,Elias Heikkinen,+367 4154398,PVG
PVG,01d5e96a-684c-48bd-afd9-9df0ebcb6c62,0eff63ca-736d-4718-ae41-3176f32913af,2019-11-16T03:36:29.429Z,CLAIMED,57626176-dcb8-461b-9064-afb9f5e90f97,N,H,40.1,elias.heikkinen@qoco.aero,Elias Heikkinen,+367 4154398,PVG
ORD,caf39270-78ca-4881-b7d0-ce44165c837c,8faa3f3a-b0c4-4407-a4fd-f7d83028b818,2019-11-15T07:23:48.969Z,CHECKED_IN,617f3bed-f987-4cdf-ac70-00bc77f80da9,N,H,38.8,mikael.nieminen@qoco.aero,Mikael Nieminen,+939 6093778,LAX
ORD,caf39270-78ca-4881-b7d0-ce44165c837c,9fb1ab3d-769c-4a6b-a734-3cf555116001,2019-11-15T08:03:00.277Z,LOADED,617f3bed-f987-4cdf-ac70-00bc77f80da9,N,H,38.8,mikael.nieminen@qoco.aero,Mikael Nieminen,+939 6093778,LAX
HND,caf39270-78ca-4881-b7d0-ce44165c837c,a5011010-0c9a-4598-b0ba-478866d52405,2019-11-15T12:12:52.658Z,UNLOADED,617f3bed-f987-4cdf-ac70-00bc77f80da9,N,H,38.8,mikael.nieminen@qoco.aero,Mikael Nieminen,+939 6093778,LAX
LAX,caf39270-78ca-4881-b7d0-ce44165c837c,67fcd492-991f-494c-9c20-fd88b343ae64,2019-11-15T13:12:31.858Z,MISSING,617f3bed-f987-4cdf-ac70-00bc77f80da9,N,H,38.8,mikael.nieminen@qoco.aero,Mikael Nieminen,+939 6093778,LAX
HEL,78696b39-e03b-49b0-be09-bdb8f89af67d,7fcec660-175b-48db-a505-383163e188c7,2019-11-15T02:04:23.318Z,CHECKED_IN,772eb51c-cd33-4469-b9e1-39beaf895bf8,Y,N,5.0,johannes.heikkinen@qoco.aero,Johannes Heikkinen,+943 4459849,LAX
HEL,78696b39-e03b-49b0-be09-bdb8f89af67d,eed8e8cc-7e37-4afa-98d1-0f94df0f5024,2019-11-15T02:15:36.885Z,LOADED,772eb51c-cd33-4469-b9e1-39beaf895bf8,Y,N,5.0,johannes.heikkinen@qoco.aero,Johannes Heikkinen,+943 4459849,LAX
LAX,78696b39-e03b-49b0-be09-bdb8f89af67d,366f6261-2628-43b4-b9d2-a6568a064bcb,2019-11-15T14:38:36.983Z,UNLOADED,772eb51c-cd33-4469-b9e1-39beaf895bf8,Y,N,5.0,johannes.heikkinen@qoco.aero,Johannes Heikkinen,+943 4459849,LAX
LAX,78696b39-e03b-49b0-be09-bdb8f89af67d,2b816e91-e8d6-42b2-8e90-c5f09bc54234,2019-11-15T15:06:47.453Z,DAMAGED,772eb51c-cd33-4469-b9e1-39beaf895bf8,Y,N,5.0,johannes.heikkinen@qoco.aero,Johannes Heikkinen,+943 4459849,LAX
LAX,78696b39-e03b-49b0-be09-bdb8f89af67d,4f60827b-f411-4876-8159-3a0c62ed6a4c,2019-11-15T15:37:38.590Z,CLAIMED,772eb51c-cd33-4469-b9e1-39beaf895bf8,Y,N,5.0,johannes.heikkinen@qoco.aero,Johannes Heikkinen,+943 4459849,LAX
PEK,d37fb53e-d06e-4912-9290-ae7541b5312c,59cf2d44-69c0-4d96-bf1b-166412a593e2,2019-11-15T11:29:50.485Z,CHECKED_IN,019e9d60-ac50-4e33-b6dd-391248119707,N,A,5.0,ilmari.mäkinen@qoco.aero,Ilmari Mäkinen,+115 3893341,LHR
PEK,d37fb53e-d06e-4912-9290-ae7541b5312c,12a712fc-e44b-45be-9184-82abecafeb1b,2019-11-15T12:00:50.803Z,LOADED,019e9d60-ac50-4e33-b6dd-391248119707,N,A,5.0,ilmari.mäkinen@qoco.aero,Ilmari Mäkinen,+115 3893341,LHR
LHR,d37fb53e-d06e-4912-9290-ae7541b5312c,23c4f3f3-a9b3-4e9a-ac58-166f80eca080,2019-11-15T23:32:29.203Z,UNLOADED,019e9d60-ac50-4e33-b6dd-391248119707,N,A,5.0,ilmari.mäkinen@qoco.aero,Ilmari Mäkinen,+115 3893341,LHR
LHR,d37fb53e-d06e-4912-9290-ae7541b5312c,d96a79cc-9286-4d4e-8446-226460fc057a,2019-11-16T00:12:51.931Z,CLAIMED,019e9d60-ac50-4e33-b6dd-391248119707,N,A,5.0,ilmari.mäkinen@qoco.aero,Ilmari Mäkinen,+115 3893341,LHR
HKG,d5bb42c7-12db-4875-8c27-f0da0a3d0257,b4300f08-9826-4dcf-8850-efc4b956397d,2019-11-15T05:03:59.161Z,CHECKED_IN,a14463fa-9a7c-4e79-b37b-6d48b43bcec7,N,N,6.7,onni.koskinen@qoco.aero,Onni Koskinen,+722 9719009,PVG
HKG,d5bb42c7-12db-4875-8c27-f0da0a3d0257,86ad8129-3347-430e-8eac-1eadea22947d,2019-11-15T05:48:41.846Z,LOADED,a14463fa-9a7c-4e79-b37b-6d48b43bcec7,N,N,6.7,onni.koskinen@qoco.aero,Onni Koskinen,+722 9719009,PVG
PEK,d5bb42c7-12db-4875-8c27-f0da0a3d0257,97d92097-a9b5-48ba-8228-1ab0f81d5265,2019-11-15T07:20:08.831Z,UNLOADED,a14463fa-9a7c-4e79-b37b-6d48b43bcec7,N,N,6.7,onni.koskinen@qoco.aero,Onni Koskinen,+722 9719009,PVG
PVG,d5bb42c7-12db-4875-8c27-f0da0a3d0257,fae6b51b-42cc-4285-95b3-d3397c6bd0c7,2019-11-15T08:19:41.610Z,MISSING,a14463fa-9a7c-4e79-b37b-6d48b43bcec7,N,N,6.7,onni.koskinen@qoco.aero,Onni Koskinen,+722 9719009,PVG
HKG,c26cb293-a897-4887-9ed5-2d3e9cc44c60,7f26e895-49e0-4401-86f4-76ce9f1d3961,2019-11-15T10:09:37.814Z,CHECKED_IN,37cb5035-6e81-4a90-aa28-6f56a8d5f85b,N,L,13.0,elias.hämäläinen@qoco.aero,Elias Hämäläinen,+291 1565751,LHR
HKG,c26cb293-a897-4887-9ed5-2d3e9cc44c60,076e2d80-00a3-46ef-9a2d-9c2d75dac3da,2019-11-15T10:13:43.813Z,LOADED,37cb5035-6e81-4a90-aa28-6f56a8d5f85b,N,L,13.0,elias.hämäläinen@qoco.aero,Elias Hämäläinen,+291 1565751,LHR
HEL,c26cb293-a897-4887-9ed5-2d3e9cc44c60,fb27c213-741c-4084-95d8-8e5a807bb245,2019-11-15T23:54:50.069Z,UNLOADED,37cb5035-6e81-4a90-aa28-6f56a8d5f85b,N,L,13.0,elias.hämäläinen@qoco.aero,Elias Hämäläinen,+291 1565751,LHR
LHR,c26cb293-a897-4887-9ed5-2d3e9cc44c60,7522d468-69ca-4d68-a057-d99b7470c580,2019-11-16T00:55:26.116Z,MISSING,37cb5035-6e81-4a90-aa28-6f56a8d5f85b,N,L,13.0,elias.hämäläinen@qoco.aero,Elias Hämäläinen,+291 1565751,LHR
DXB,93285f3b-faea-4908-945d-5417bcd49c73,04331fe9-f726-4588-925e-adaba1aa2d29,2019-11-15T01:57:46.771Z,CHECKED_IN,44cf8126-5b10-4ef5-8775-d346dd268df5,N,LC,8.8,maria.virtanen@qoco.aero,Maria Virtanen,+912 6977805,HND
DXB,93285f3b-faea-4908-945d-5417bcd49c73,f268aa80-85eb-4af7-bd07-843f530b6502,2019-11-15T02:45:53.025Z,LOADED,44cf8126-5b10-4ef5-8775-d346dd268df5,N,LC,8.8,maria.virtanen@qoco.aero,Maria Virtanen,+912 6977805,HND
LAX,93285f3b-faea-4908-945d-5417bcd49c73,f683414e-7563-49f6-9631-0eb09a62b754,2019-11-15T18:21:37.768Z,UNLOADED,44cf8126-5b10-4ef5-8775-d346dd268df5,N,LC,8.8,maria.virtanen@qoco.aero,Maria Virtanen,+912 6977805,HND
HND,93285f3b-faea-4908-945d-5417bcd49c73,5f1c6660-f28e-40ef-9f41-a2e485b9d150,2019-11-15T19:26:58.447Z,MISSING,44cf8126-5b10-4ef5-8775-d346dd268df5,N,LC,8.8,maria.virtanen@qoco.aero,Maria Virtanen,+912 6977805,HND
PEK,17158d9f-ccd7-4dac-b81c-03e0a42e31c3,9ef3db2b-da93-4281-8bcf-310621910bd4,2019-11-15T10:47:54.977Z,CHECKED_IN,4888ed61-da7a-4fb5-92e6-9c71d8cf63ba,N,H,25.2,amanda.järvinen@qoco.aero,Amanda Järvinen,+741 7528261,ATL
PEK,17158d9f-ccd7-4dac-b81c-03e0a42e31c3,f9a97ee8-8b8a-4edd-a3a9-097f6a69cf54,2019-11-15T11:38:46.766Z,LOADED,4888ed61-da7a-4fb5-92e6-9c71d8cf63ba,N,H,25.2,amanda.järvinen@qoco.aero,Amanda Järvinen,+741 7528261,ATL
PVG,17158d9f-ccd7-4dac-b81c-03e0a42e31c3,ae99fa2a-1a32-4217-a868-370688c1cb6c,2019-11-15T14:53:00.208Z,UNLOADED,4888ed61-da7a-4fb5-92e6-9c71d8cf63ba,N,H,25.2,amanda.järvinen@qoco.aero,Amanda Järvinen,+741 7528261,ATL
PVG,17158d9f-ccd7-4dac-b81c-03e0a42e31c3,979f7583-f096-4976-9bcd-26be5d2a9d1d,2019-11-15T15:26:34.369Z,DAMAGED,4888ed61-da7a-4fb5-92e6-9c71d8cf63ba,N,H,25.2,amanda.järvinen@qoco.aero,Amanda Järvinen,+741 7528261,ATL
PVG,17158d9f-ccd7-4dac-b81c-03e0a42e31c3,4db3166d-45a1-4f4e-abc2-ce6a36326a74,2019-11-15T16:14:34.516Z,LOADED,4888ed61-da7a-4fb5-92e6-9c71d8cf63ba,N,H,25.2,amanda.järvinen@qoco.aero,Amanda Järvinen,+741 7528261,ATL
DXB,17158d9f-ccd7-4dac-b81c-03e0a42e31c3,cdef15c9-c48a-45b9-a210-4335ced734c2,2019-11-15T20:27:11.691Z,UNLOADED,4888ed61-da7a-4fb5-92e6-9c71d8cf63ba,N,H,25.2,amanda.järvinen@qoco.aero,Amanda Järvinen,+741 7528261,ATL
ATL,17158d9f-ccd7-4dac-b81c-03e0a42e31c3,d4f76997-5612-4a53-b624-7e3242464e39,2019-11-15T20:50:11.278Z,MISSING,4888ed61-da7a-4fb5-92e6-9c71d8cf63ba,N,H,25.2,amanda.järvinen@qoco.aero,Amanda Järvinen,+741 7528261,ATL
PVG,d2b2a0d5-bb6e-4422-87b8-28a329fa5455,5e857464-fdee-40f0-ab49-25ca73bbbc6f,2019-11-15T07:35:55.239Z,CHECKED_IN,68aba14b-ead7-4c42-989e-cba5f4ee5d44,N,A,6.7,matilda.korhonen@qoco.aero,Matilda Korhonen,+105 1993366,PEK
PVG,d2b2a0d5-bb6e-4422-87b8-28a329fa5455,389208ae-16e7-4bd4-b6d7-5de6e7c9b8be,2019-11-15T08:17:06.598Z,LOADED,68aba14b-ead7-4c42-989e-cba5f4ee5d44,N,A,6.7,matilda.korhonen@qoco.aero,Matilda Korhonen,+105 1993366,PEK
ORD,d2b2a0d5-bb6e-4422-87b8-28a329fa5455,bf8fd8d1-cd6b-4bc6-8eef-d47b923bc4b4,2019-11-15T23:53:05.289Z,UNLOADED,68aba14b-ead7-4c42-989e-cba5f4ee5d44,N,A,6.7,matilda.korhonen@qoco.aero,Matilda Korhonen,+105 1993366,PEK
ORD,d2b2a0d5-bb6e-4422-87b8-28a329fa5455,2d32e053-1094-48a5-896b-ab406de64a07,2019-11-16T01:07:54.349Z,LOADED,68aba14b-ead7-4c42-989e-cba5f4ee5d44,N,A,6.7,matilda.korhonen@qoco.aero,Matilda Korhonen,+105 1993366,PEK
PEK,d2b2a0d5-bb6e-4422-87b8-28a329fa5455,76ebc250-f736-481e-8281-b78ecaf84e0e,2019-11-16T15:49:40.810Z,UNLOADED,68aba14b-ead7-4c42-989e-cba5f4ee5d44,N,A,6.7,matilda.korhonen@qoco.aero,Matilda Korhonen,+105 1993366,PEK
PEK,d2b2a0d5-bb6e-4422-87b8-28a329fa5455,2985f77f-4eff-4f6f-85af-2f2936b185e1,2019-11-16T16:15:17.484Z,CLAIMED,68aba14b-ead7-4c42-989e-cba5f4ee5d44,N,A,6.7,matilda.korhonen@qoco.aero,Matilda Korhonen,+105 1993366,PEK
ATL,1ccc4c2b-e9de-441d-a670-4062d39b118a,0c42ba92-6bfb-46a8-b401-17f51be7ca5f,2019-11-15T08:11:21.407Z,CHECKED_IN,a3482c73-ac30-4cdb-aaa1-f5a94e77c62c,N,C,9.4,oliver.heikkinen@qoco.aero,Oliver Heikkinen,+750 1528125,ORD
ATL,1ccc4c2b-e9de-441d-a670-4062d39b118a,28504b9f-05db-499b-98cd-9344f5698736,2019-11-15T08:37:03.553Z,LOADED,a3482c73-ac30-4cdb-aaa1-f5a94e77c62c,N,C,9.4,oliver.heikkinen@qoco.aero,Oliver Heikkinen,+750 1528125,ORD
ORD,1ccc4c2b-e9de-441d-a670-4062d39b118a,637a1044-0ecc-49b9-97c9-b73f798e46bd,2019-11-15T12:17:20.590Z,UNLOADED,a3482c73-ac30-4cdb-aaa1-f5a94e77c62c,N,C,9.4,oliver.heikkinen@qoco.aero,Oliver Heikkinen,+750 1528125,ORD
ORD,1ccc4c2b-e9de-441d-a670-4062d39b118a,cde78df2-0918-4ee9-ae30-04875e63c125,2019-11-15T12:48:29.367Z,CLAIMED,a3482c73-ac30-4cdb-aaa1-f5a94e77c62c,N,C,9.4,oliver.heikkinen@qoco.aero,Oliver Heikkinen,+750 1528125,ORD
LHR,8f4ab51a-fbbf-4e0f-8802-f64f7a3e601c,4f844fec-182e-4977-900e-f4f1acf7e4d3,2019-11-15T11:45:42.421Z,CHECKED_IN,42f8dde7-73c7-440a-8761-89351f93f801,N,H,43.8,helmi.hämäläinen@qoco.aero,Helmi Hämäläinen,+602 5076164,PVG
LHR,8f4ab51a-fbbf-4e0f-8802-f64f7a3e601c,9f0f980c-42db-4b77-afef-b493a5d19f55,2019-11-15T12:37:38.901Z,LOADED,42f8dde7-73c7-440a-8761-89351f93f801,N,H,43.8,helmi.hämäläinen@qoco.aero,Helmi Hämäläinen,+602 5076164,PVG
PVG,8f4ab51a-fbbf-4e0f-8802-f64f7a3e601c,383e4174-26c2-477c-9de8-6e30609d8008,2019-11-16T00:53:58.305Z,UNLOADED,42f8dde7-73c7-440a-8761-89351f93f801,N,H,43.8,helmi.hämäläinen@qoco.aero,Helmi Hämäläinen,+602 5076164,PVG
PVG,8f4ab51a-fbbf-4e0f-8802-f64f7a3e601c,0352d389-9b7d-4af5-8d33-29384bb53529,2019-11-16T01:27:33.287Z,DAMAGED,42f8dde7-73c7-440a-8761-89351f93f801,N,H,43.8,helmi.hämäläinen@qoco.aero,Helmi Hämäläinen,+602 5076164,PVG
PVG,8f4ab51a-fbbf-4e0f-8802-f64f7a3e601c,7d8b83ec-dfa2-4f0c-a721-a03978fc6890,2019-11-16T02:02:47.603Z,CLAIMED,42f8dde7-73c7-440a-8761-89351f93f801,N,H,43.8,helmi.hämäläinen@qoco.aero,Helmi Hämäläinen,+602 5076164,PVG
PVG,fd65bd9a-5bae-4740-943d-cac10b89febe,d1a9d7b9-e8d6-4a69-82f8-f584f3c52a23,2019-11-15T05:23:07.120Z,CHECKED_IN,3cbe7e66-77cc-4fcf-86dc-5ff5f1e2ad96,N,N,20.2,olavi.järvinen@qoco.aero,Olavi Järvinen,+886 1850968,ORD
PVG,fd65bd9a-5bae-4740-943d-cac10b89febe,2ae9f62d-79bc-40d8-a381-ed6b5b3c609b,2019-11-15T05:58:00.798Z,LOADED,3cbe7e66-77cc-4fcf-86dc-5ff5f1e2ad96,N,N,20.2,olavi.järvinen@qoco.aero,Olavi Järvinen,+886 1850968,ORD
ORD,fd65bd9a-5bae-4740-943d-cac10b89febe,08cf6afd-6d07-4980-87bb-a4cc6ef7e0c3,2019-11-15T21:49:00.485Z,UNLOADED,3cbe7e66-77cc-4fcf-86dc-5ff5f1e2ad96,N,N,20.2,olavi.järvinen@qoco.aero,Olavi Järvinen,+886 1850968,ORD
ORD,fd65bd9a-5bae-4740-943d-cac10b89febe,f5f60284-36e4-4914-854d-fc61d649e5ec,2019-11-15T22:18:17.323Z,CLAIMED,3cbe7e66-77cc-4fcf-86dc-5ff5f1e2ad96,N,N,20.2,olavi.järvinen@qoco.aero,Olavi Järvinen,+886 1850968,ORD
LHR,5731ff16-6e76-4947-abce-f1fbbb68f936,b4bde993-1ed2-4642-a102-7f35d82ae97e,2019-11-15T02:30:23.765Z,CHECKED_IN,4203f4a9-1fe9-4a70-858f-a054f809690f,Y,LTW,8.4,matilda.koskinen@qoco.aero,Matilda Koskinen,+644 9097750,HND
LHR,5731ff16-6e76-4947-abce-f1fbbb68f936,cae782c0-c250-4df5-ab15-ac10d1496cba,2019-11-15T03:09:17.181Z,LOADED,4203f4a9-1fe9-4a70-858f-a054f809690f,Y,LTW,8.4,matilda.koskinen@qoco.aero,Matilda Koskinen,+644 9097750,HND
ORD,5731ff16-6e76-4947-abce-f1fbbb68f936,3e16baff-27d9-486e-8824-80043bf1d070,2019-11-15T13:46:49.185Z,UNLOADED,4203f4a9-1fe9-4a70-858f-a054f809690f,Y,LTW,8.4,matilda.koskinen@qoco.aero,Matilda Koskinen,+644 9097750,HND
ORD,5731ff16-6e76-4947-abce-f1fbbb68f936,201bda8a-42b4-45e2-a6c2-b36733587d50,2019-11-15T14:33:06.530Z,LOADED,4203f4a9-1fe9-4a70-858f-a054f809690f,Y,LTW,8.4,matilda.koskinen@qoco.aero,Matilda Koskinen,+644 9097750,HND
ATL,5731ff16-6e76-4947-abce-f1fbbb68f936,2a2c697f-d7e7-43ba-9dd3-d496a57ad689,2019-11-15T17:55:15.411Z,UNLOADED,4203f4a9-1fe9-4a70-858f-a054f809690f,Y,LTW,8.4,matilda.koskinen@qoco.aero,Matilda Koskinen,+644 9097750,HND
ATL,5731ff16-6e76-4947-abce-f1fbbb68f936,a61c0de7-b564-4aac-897a-983f91fd3d25,2019-11-15T18:19:10.092Z,DAMAGED,4203f4a9-1fe9-4a70-858f-a054f809690f,Y,LTW,8.4,matilda.koskinen@qoco.aero,Matilda Koskinen,+644 9097750,HND
ATL,5731ff16-6e76-4947-abce-f1fbbb68f936,c94eaf3f-5a5b-41ef-9529-e6a17271026a,2019-11-15T19:14:37.060Z,LOADED,4203f4a9-1fe9-4a70-858f-a054f809690f,Y,LTW,8.4,matilda.koskinen@qoco.aero,Matilda Koskinen,+644 9097750,HND
DXB,5731ff16-6e76-4947-abce-f1fbbb68f936,28d5271c-adca-4cb5-8a36-aab7ffdd2de4,2019-11-16T12:55:12.127Z,UNLOADED,4203f4a9-1fe9-4a70-858f-a054f809690f,Y,LTW,8.4,matilda.koskinen@qoco.aero,Matilda Koskinen,+644 9097750,HND
DXB,5731ff16-6e76-4947-abce-f1fbbb68f936,c57b03c1-eef2-4b1a-b834-257c911221a7,2019-11-16T14:02:22.082Z,LOADED,4203f4a9-1fe9-4a70-858f-a054f809690f,Y,LTW,8.4,matilda.koskinen@qoco.aero,Matilda Koskinen,+644 9097750,HND
HND,5731ff16-6e76-4947-abce-f1fbbb68f936,1e3e9fa3-55f4-410e-beb5-56742d83f15c,2019-11-17T01:00:45.752Z,UNLOADED,4203f4a9-1fe9-4a70-858f-a054f809690f,Y,LTW,8.4,matilda.koskinen@qoco.aero,Matilda Koskinen,+644 9097750,HND
HND,5731ff16-6e76-4947-abce-f1fbbb68f936,6117082f-ccfb-4eb2-838b-7ac59e3a943e,2019-11-17T01:13:13.171Z,CLAIMED,4203f4a9-1fe9-4a70-858f-a054f809690f,Y,LTW,8.4,matilda.koskinen@qoco.aero,Matilda Koskinen,+644 9097750,HND
LAX,07ccb967-6802-45a2-8148-f4b38170363e,70cd1dc3-a772-4087-9b13-db8ac151c0e1,2019-11-15T05:58:05.516Z,CHECKED_IN,eac7a4d0-0553-4ffa-b0e2-aa62d58c53e9,N,N,10.5,johannes.hämäläinen@qoco.aero,Johannes Hämäläinen,+843 6863743,ORD
LAX,07ccb967-6802-45a2-8148-f4b38170363e,93a2f5d6-4c7c-4f39-8b61-88ab9340b8e2,2019-11-15T06:11:56.749Z,LOADED,eac7a4d0-0553-4ffa-b0e2-aa62d58c53e9,N,N,10.5,johannes.hämäläinen@qoco.aero,Johannes Hämäläinen,+843 6863743,ORD
ORD,07ccb967-6802-45a2-8148-f4b38170363e,31c7ac3e-5763-4025-a8ad-618eaa155dad,2019-11-15T10:52:31.373Z,UNLOADED,eac7a4d0-0553-4ffa-b0e2-aa62d58c53e9,N,N,10.5,johannes.hämäläinen@qoco.aero,Johannes Hämäläinen,+843 6863743,ORD
ORD,07ccb967-6802-45a2-8148-f4b38170363e,0f9cb08d-1dbc-4230-84a2-b478e6f049ef,2019-11-15T11:32:30.906Z,CLAIMED,eac7a4d0-0553-4ffa-b0e2-aa62d58c53e9,N,N,10.5,johannes.hämäläinen@qoco.aero,Johannes Hämäläinen,+843 6863743,ORD
DXB,87c30225-c890-4e32-a434-b33d9c3ce6af,78eb59a2-b01d-4ab8-ab8a-b7077eb3e1e4,2019-11-15T09:34:45.325Z,CHECKED_IN,6ffe7f32-c459-4d5e-8890-f90840cba8d9,N,LC,5.2,emilia.korhonen@qoco.aero,Emilia Korhonen,+810 1360089,ATL
DXB,87c30225-c890-4e32-a434-b33d9c3ce6af,11012144-0418-40ea-a41e-b0a8a037b238,2019-11-15T10:32:16.796Z,LOADED,6ffe7f32-c459-4d5e-8890-f90840cba8d9,N,LC,5.2,emilia.korhonen@qoco.aero,Emilia Korhonen,+810 1360089,ATL
ATL,87c30225-c890-4e32-a434-b33d9c3ce6af,9c6b3a12-6b3e-4633-aa67-f91336e445d0,2019-11-16T04:15:18.550Z,UNLOADED,6ffe7f32-c459-4d5e-8890-f90840cba8d9,N,LC,5.2,emilia.korhonen@qoco.aero,Emilia Korhonen,+810 1360089,ATL
ATL,87c30225-c890-4e32-a434-b33d9c3ce6af,ce9d57b4-d1c4-4b6c-862a-f1d633781559,2019-11-16T04:33:51.149Z,CLAIMED,6ffe7f32-c459-4d5e-8890-f90840cba8d9,N,LC,5.2,emilia.korhonen@qoco.aero,Emilia Korhonen,+810 1360089,ATL
ATL,0f4d351d-1be5-454e-bca5-25e4f034ca73,b2da314f-87f9-4960-bd52-ba69405c7e7c,2019-11-15T08:12:06.749Z,CHECKED_IN,a3482c73-ac30-4cdb-aaa1-f5a94e77c62c,N,N,8.2,oliver.heikkinen@qoco.aero,Oliver Heikkinen,+750 1528125,ORD
ATL,0f4d351d-1be5-454e-bca5-25e4f034ca73,4cb7d8f2-5b78-486a-bde0-23f3ac3745ff,2019-11-15T08:38:38.469Z,LOADED,a3482c73-ac30-4cdb-aaa1-f5a94e77c62c,N,N,8.2,oliver.heikkinen@qoco.aero,Oliver Heikkinen,+750 1528125,ORD
ORD,0f4d351d-1be5-454e-bca5-25e4f034ca73,c69e8949-936f-4f5d-ac7d-05fbc1afbc94,2019-11-15T12:19:40.789Z,UNLOADED,a3482c73-ac30-4cdb-aaa1-f5a94e77c62c,N,N,8.2,oliver.heikkinen@qoco.aero,Oliver Heikkinen,+750 1528125,ORD
ORD,0f4d351d-1be5-454e-bca5-25e4f034ca73,394ef9fe-38d9-47ea-adb3-6ae0e8ce4e0e,2019-11-15T12:49:34.607Z,CLAIMED,a3482c73-ac30-4cdb-aaa1-f5a94e77c62c,N,N,8.2,oliver.heikkinen@qoco.aero,Oliver Heikkinen,+750 1528125,ORD
HEL,36cdc861-5370-472e-9e7c-1f605b5a6996,f914421c-8010-4d23-b156-17553e89dcba,2019-11-15T10:45:38.361Z,CHECKED_IN,f7c6c6fb-4045-4d03-a5c9-7db6941a287e,N,W,6.5,ilmari.virtanen@qoco.aero,Ilmari Virtanen,+963 5360774,PEK
HEL,36cdc861-5370-472e-9e7c-1f605b5a6996,08590104-5775-487f-9eab-c736655f6c03,2019-11-15T11:06:31.781Z,LOADED,f7c6c6fb-4045-4d03-a5c9-7db6941a287e,N,W,6.5,ilmari.virtanen@qoco.aero,Ilmari Virtanen,+963 5360774,PEK
PEK,36cdc861-5370-472e-9e7c-1f605b5a6996,8ab9d1f8-a4bd-4e4d-8128-0784c072cbf6,2019-11-15T19:48:31.077Z,UNLOADED,f7c6c6fb-4045-4d03-a5c9-7db6941a287e,N,W,6.5,ilmari.virtanen@qoco.aero,Ilmari Virtanen,+963 5360774,PEK
PEK,36cdc861-5370-472e-9e7c-1f605b5a6996,2dc58b6c-b492-4444-a2ff-d62998c083f9,2019-11-15T20:13:49.684Z,CLAIMED,f7c6c6fb-4045-4d03-a5c9-7db6941a287e,N,W,6.5,ilmari.virtanen@qoco.aero,Ilmari Virtanen,+963 5360774,PEK
CDG,483aecd2-81eb-4a24-b4f8-3dafa619be4e,0aa373c0-c035-4e1f-8f76-054bba9e645d,2019-11-15T09:19:48.153Z,CHECKED_IN,b2a09846-340e-4d7f-849b-0d640bd5a6a0,N,L,14.3,mikael.laine@qoco.aero,Mikael Laine,+651 2069021,ORD
CDG,483aecd2-81eb-4a24-b4f8-3dafa619be4e,346378eb-6ea0-4d44-8c55-b19ad4e32d0d,2019-11-15T09:43:30.145Z,LOADED,b2a09846-340e-4d7f-849b-0d640bd5a6a0,N,L,14.3,mikael.laine@qoco.aero,Mikael Laine,+651 2069021,ORD
ORD,483aecd2-81eb-4a24-b4f8-3dafa619be4e,2c8a8c31-377c-4881-a127-7e1d6601d863,2019-11-15T20:32:02.197Z,UNLOADED,b2a09846-340e-4d7f-849b-0d640bd5a6a0,N,L,14.3,mikael.laine@qoco.aero,Mikael Laine,+651 2069021,ORD
ORD,483aecd2-81eb-4a24-b4f8-3dafa619be4e,cddcd878-7d2b-4224-b4cf-068ed9496c74,2019-11-15T21:03:33.462Z,CLAIMED,b2a09846-340e-4d7f-849b-0d640bd5a6a0,N,L,14.3,mikael.laine@qoco.aero,Mikael Laine,+651 2069021,ORD
